chunk_id,last_used,times_used
ebda38d3fe7b625a8ff3735688d47583b54fcdc5f97dcc2a76a3d1cd931d1a91,2025-07-13T13:37:59.896016+00:00,0
53dc40cb7589ce840ffbab4f9a2003a37bed800731e3cac1bb9eea7b83c1e920,2025-07-13T13:37:59.896016+00:00,0
a06320eb799e54ce8383aca1a5e76d1ebdbb3adbaf65e147ab541026237008e5,2025-07-13T13:33:30.406989+00:00,0
e0c806a39d1c0b888200426e74e676d28dd440aa8bc7473d05fa53f96dc79f27,2025-07-13T13:33:30.406989+00:00,0
243d055f90464d40c4781b6d1f4ad84bd507f8199045f355f1c09cae064521e3,2025-07-13T13:37:59.896016+00:00,0
ae0a2cbd41aecc31c508f07d697116f03096c8618c1367bead28cc0b190440ad,2025-07-13T13:33:30.406989+00:00,0
236dd404f09a09638182c72e6b78a22a6340ab171c96240b268de676f78b69e6,2025-07-13T13:33:30.406989+00:00,0
3ef6612640463d70a9f065eec37990b0fbe9f4a87c9bbb35f51acd1d4aaf3c2b,2025-07-13T13:33:30.406989+00:00,0
76798174d1454f00bfdccb9d0c60ffe0621bf0cbf1a3c5a0129032924843e8d0,2025-07-13T13:33:30.406989+00:00,0
15d19ae19330c50ce2099e1a742494276eabd0acc78c626bd12e73a75b3dfbb5,2025-07-13T13:33:30.406989+00:00,0
458abb4cfee88a33c7a0dcc858e51e073ac4e60f9303d3ec1ca0da8c5dad10b4,2025-07-13T13:33:30.406989+00:00,0
4c7a641a58221cf99d51aab7951a7000759edcf9e5c78843908fd1b9963e0bac,2025-07-13T13:37:59.896016+00:00,0
7ce18984b4e8a74c68d92eb1c917aead8fe11780727fac3a8d161711a2f5be56,2025-07-13T13:33:30.406989+00:00,0
c3ee9098011a2a70574c65a346418f26c3c5a04609781cd3f1b26079993e2f90,2025-07-13T13:37:59.896016+00:00,0
a2de45d2f8998091b1bf7787564e3b6322249195ffdeb98e2b0ad15c0781c39f,2025-07-13T13:37:59.896016+00:00,0
4d32384b658dfa735dad0084701aa514249dfb2dd284efa92dd8b02320d15c74,2025-07-13T13:37:59.896016+00:00,0
cd41a14432d4608472473904aefa2a2f808979ed059daf7c6643a66330a3c5e8,2025-07-13T13:37:59.896016+00:00,0
c31ee586b7f4948f5aedb899b199feea82f205a2e4a5faf4ae3905961bc9fc65,2025-07-13T13:33:30.406989+00:00,0
9f2447d3dd7ac3b1a3dc0edcdb19432d677d1286105352559026764b66c99f04,2025-07-13T13:33:30.406989+00:00,0
b29403bb10e9fa391a89881760627062f4c1b7064180be0bc7d231c3123ff99a,2025-07-13T13:37:59.896016+00:00,0
c85cb16ae33f2faaa379c9b6729a41b8b106e02b00575f22b1049be51d364008,2025-07-13T13:37:59.896016+00:00,0
c74cd8cf42e8358627fcd462eaf7a534019e17df3e5db1ebcf2b20ed7a09464f,2025-07-13T13:37:59.896016+00:00,0
cad8973a5143c10a7100564a9b8b9ee302b1eadeb896e5f13138c0c501b94b1a,2025-07-13T13:37:59.896016+00:00,0
1a80557d2f24fa42ed5a9ccac43ddc24a7f9e098ff0e94f5dc6bc3a2ce5c245f,2025-07-13T13:37:59.896016+00:00,0
d34fe8331e53b8be09d844ab52b3cc14db267fdc36b8a8d26c6cf3c1723b7828,2025-07-13T13:37:59.896016+00:00,0
f86b82a5b00e88e9e7c642b56938254ce99a54e909c0aead2dd5c557fa7cb1b0,2025-07-13T13:37:59.896016+00:00,0
bb65c6fc98cbebaf2bed8e0978b843c762dd8f70af1e5d460021e2756025fe12,2025-07-13T13:37:59.896016+00:00,0
2e52861aa480780f4f70a30135eaefd8c307ea0a7b9add75a68d17e5ed4c0e5b,2025-07-13T13:37:59.896016+00:00,0
2617f43e6f7243cc34ac50b427ca28153cd23e01fefe7daaa58d2a41fe3f4ff3,2025-07-13T13:37:59.896016+00:00,0
554f37deb3c9709a8f847d42d1af51c0628bdc48b3f69e85695b04e958474996,2025-07-13T13:37:59.896016+00:00,0
4399c8b153446a8ea5d4d31deb49574896c169c3ba056d212bca8c6352d6d15b,2025-07-13T13:37:59.896016+00:00,0
116c53c4c73c5a64768065b1e45437cd8f5340b79025ff6244723de6c29b3793,2025-07-13T13:37:59.896016+00:00,0
0e78bf1bf2fa55ba9309fa7d9208c7f64f3196068e42c95a0054c6c62b4eac02,2025-07-13T13:37:59.896016+00:00,0
613d3ed058bec6d9160f8f02a67cf9fc5b6cf9af947792ba4db64794ae90bd7a,2025-07-13T13:37:59.896016+00:00,0
09792445ef884d477e5b5202a2a5b572c74471ad5b19b70866cbb3f3f49e7ca9,2025-07-13T13:37:59.896016+00:00,0
b272019dc747e027b3058200914913f0b419e78ef31f49d79371ddbd7d5ba16b,2025-07-13T13:37:59.896016+00:00,0
92aeb7a010a4960c4a356684a5fdce3dc04f583e1443139ff9373c19510aaee9,2025-07-13T13:37:59.896016+00:00,0
